id,label,x,y,shape
1,P1,-2.362236946378716,-1.7518007882056792,blob_a
2,P2,-1.7143629411531771,-1.1328635359722339,blob_a
3,P3,-3.120261995229929,-1.955101270998568,blob_a
4,P4,-3.1991624049148233,-1.8773188167726107,blob_a
5,P5,-2.6064296721856257,-0.9579339640311543,blob_a
6,P6,-2.5772268204488773,-1.2258953445133502,blob_a
7,P7,-2.6070989847273296,-2.124534018500479,blob_a
8,P8,-3.1807199522490786,-1.7695256736184688,blob_a
9,P9,-3.604937146872433,-2.2175485351168502,blob_a
10,P10,-2.662407644461047,-2.5910120647690507,blob_a
11,P11,-1.9926803562561548,-1.722201933800485,blob_a
12,P12,-3.6417859906763743,-2.579304938631943,blob_a
13,P13,-3.0699756254419377,-0.4379235159636772,blob_a
14,P14,-2.934523794883288,-1.668821440478606,blob_a
15,P15,-2.9702596853289536,-1.9167900909340485,blob_a
16,P16,-2.332377730331664,-1.4047563735285198,blob_a
17,P17,-2.4656160415785298,-1.517604040997846,blob_a
18,P18,-2.876795996819731,-1.2780920896325345,blob_a
19,P19,-2.285781187951084,-2.031000565701082,blob_a
20,P20,-3.0220849447169598,-1.5813711792395093,blob_a
21,P21,-2.6948878457716,-1.269225177596801,blob_a
22,P22,-2.524244457280699,-1.7867752281973368,blob_a
23,P23,-0.38373997922178826,2.4065395755320864,ellipse
24,P24,-0.6611265377646492,1.976467440488657,ellipse
25,P25,0.0953244377783227,2.4299006644928385,ellipse
26,P26,-1.2815016740187704,1.7159747353628034,ellipse
27,P27,0.3758654359022936,2.4603823143952006,ellipse
28,P28,0.19169809105815783,2.2072041137166476,ellipse
29,P29,-0.4785984671802671,2.2227082737898907,ellipse
30,P30,1.073957064059958,2.500490318601277,ellipse
31,P31,-1.0477792449271273,1.9508711105035041,ellipse
32,P32,-0.9852921500517356,1.665866807061546,ellipse
33,P33,-0.9818473312445972,2.0523428869967404,ellipse
34,P34,-0.04546931220525148,2.174193686073441,ellipse
35,P35,-1.0123099582446184,2.3121499247619677,ellipse
36,P36,-2.2257050273234835,1.7108542148633714,ellipse
37,P37,-1.2473080274566997,1.9641878570776394,ellipse
38,P38,0.07034421768852023,2.432254045364595,ellipse
39,P39,-0.6385372326186884,2.178447649053807,ellipse
40,P40,-0.4840826585618283,2.542341399224609,ellipse
41,P41,-0.0765782310767363,2.154844795928053,ellipse
42,P42,0.9877040037417653,2.8748825626963335,ellipse
43,P43,0.7146837751116903,2.5332949901290527,ellipse
44,P44,-0.6534362290559524,2.2374221899830897,ellipse
45,P45,2.673611677025658,-2.008988321707021,blob_b
46,P46,2.6406032746811903,-0.8609420676949002,blob_b
47,P47,2.621185559267935,-2.3544576544355116,blob_b
48,P48,2.3464023705228416,-1.510198335988188,blob_b
49,P49,2.802385326750569,-1.441674448777229,blob_b
50,P50,3.157141823520333,-2.0384481637863705,blob_b
51,P51,2.5608530332017256,-1.6751929255009685,blob_b
52,P52,2.847056983632152,-1.5407841118263763,blob_b
53,P53,2.540845795163375,-2.834560366353709,blob_b
54,P54,3.431309745457313,-1.5977686911259088,blob_b
55,P55,2.0092403565543844,-2.2224911773368423,blob_b
56,P56,3.0809101818607947,-2.166714355929169,blob_b
57,P57,2.3206507934443286,-1.6196168388842684,blob_b
58,P58,2.4277367480867023,-1.6475713504622735,blob_b
59,P59,2.775729667126194,-1.4994056477262603,blob_b
60,P60,2.6654768171958123,-1.372724235778942,blob_b
61,P61,3.0265682573933725,-1.5156200440757688,blob_b
62,P62,2.9020586683729745,-2.468671264688215,blob_b
63,P63,2.3943935682569104,-1.6804865799539592,blob_b
64,P64,2.494374690198219,-1.5272317149688241,blob_b
65,P65,2.5473998629882693,-1.9467946508150746,blob_b
66,P66,2.419455899634011,-1.5079867887462235,blob_b
67,P67,3.4324594830494775,2.088388027136843,crescent
68,P68,1.1476451623168333,2.0770098125244267,crescent
69,P69,1.5344038404261149,2.462023664227443,crescent
70,P70,1.3818468102658965,2.3259331708424513,crescent
71,P71,1.684696974106426,2.543772719530918,crescent
72,P72,1.53008227627089,2.4326312451266534,crescent
73,P73,1.4394390190601827,2.4070097043725758,crescent
74,P74,1.4401864106843552,2.310304512764517,crescent
75,P75,3.1083530498611815,2.4567566436875956,crescent
76,P76,1.7407013839460634,2.612383827444045,crescent
77,P77,2.948408807202228,2.5749609334695296,crescent
78,P78,2.845789680338707,2.5976812809872802,crescent
79,P79,3.325663876624402,2.174830143817317,crescent
80,P80,1.8887791492859747,2.4967764345862333,crescent
81,P81,1.7533886007503252,2.667996848131948,crescent
82,P82,1.2662073540882222,1.9848703184282857,crescent
83,P83,3.4967028402335414,2.252570063298573,crescent
84,P84,2.3827872016531026,2.667982843314283,crescent
85,P85,1.3550521257568953,2.3935825871421197,crescent
86,P86,2.07196047233092,2.7571136364061064,crescent
87,P87,-3.9548331624813584,2.146700052929068,ring
88,P88,-2.236257260185025,2.1395493536122583,ring
89,P89,-2.5899144986627287,1.5068821987420362,ring
90,P90,-2.7051752032842713,2.981039407688828,ring
91,P91,-2.2431981206643137,2.527905609011701,ring
92,P92,-3.8603817953679624,2.409670698889679,ring
93,P93,-3.4249539962188087,1.4370881628001428,ring
94,P94,-3.559578532456773,1.4875665805470928,ring
95,P95,-4.063479941323852,2.3737079373340357,ring
96,P96,-3.9212467788750454,2.1818561687740354,ring
97,P97,-3.5221446797144917,3.0639520827819045,ring
98,P98,-3.8325182408446583,1.9739663460813088,ring
99,P99,-2.5369217102931465,1.5657961209242899,ring
100,P100,-2.1826212392430255,2.702151436738827,ring
101,P101,-2.4721323758233056,2.5203637941178707,ring
102,P102,-3.0651368900560425,1.4137956702300296,ring
103,P103,-2.2880975376253563,1.8371967309358435,ring
104,P104,-2.3812714997471116,1.6725122091302818,ring
105,P105,-2.3288682968346777,2.707604815127509,ring
106,P106,-2.5460665676999215,2.861863083832615,ring
107,P107,1.745435019955039,-2.6481536482460797,noise
108,P108,-3.8118424005806446,-2.03169431257993,noise
109,P109,3.3630486764013767,1.2988702822476625,noise
110,P110,-0.4103223141282797,2.2124696765094995,noise
111,P111,-2.4241650383919477,1.9358329768292606,noise
112,P112,3.7515913788229227,-1.1475413362495601,noise
113,P113,1.2766903806477785,2.8652392853982747,noise
114,P114,2.539357364177704,-0.11357453092932701,noise
115,P115,-0.062136461958289146,-1.7923359861597419,noise
116,P116,2.2542853206396103,0.033833183348178864,noise
117,P117,0.8611370231956244,-0.9649463868699968,noise
118,P118,1.4814136512577534,-0.05092650046572089,noise
